Procedure,Review Flag,Cases (Procedure),Annualized Deviation (Procedure),% Outside ±30 Min (Procedure)
ABDOMINOPLASTY,Higher exposure / lower reliability,126,1833,70.6%
"ADRENALECTOMY, LAPAROSCOPIC",Other review contexts,37,488,78.4%
"ALLOGRAFT, SKIN",Other review contexts,202,1832,57.9%
"AMPUTATION, ABOVE KNEE",Higher exposure / lower reliability,59,734,76.3%
"AMPUTATION, BELOW KNEE",Higher exposure / lower reliability,231,2061,59.7%
"AMPUTATION, FINGER",Other review contexts,55,426,47.3%
"AMPUTATION, FOOT",Other review contexts,30,147,26.7%
"AMPUTATION, FOOT, TRANSMETATARSAL",Other review contexts,49,290,38.8%
"AMPUTATION, RAY",Other review contexts,31,154,41.9%
"AMPUTATION, TOE",Other review contexts,199,745,24.6%
ANGIOGRAM,Higher exposure / lower reliability,91,1391,68.1%
"ANGIOGRAM, CEREBRAL",Other review contexts,141,912,35.5%
"ANGIOGRAM, LOWER EXTREMITY, WITH ANGIOPLASTY",Higher exposure / lower reliability,315,4622,74.3%
"ANGIOGRAM, VESSEL, CEREBRAL, WITH EMBOLIZATION",Higher exposure / lower reliability,152,1554,65.1%
"ANGIOGRAM, VISCERAL",Other review contexts,39,403,66.7%
"ANGIOGRAM, WITH ANGIOPLASTY",Higher exposure / lower reliability,141,2085,75.2%
"APPENDECTOMY, LAPAROSCOPIC",Other review contexts,531,2273,24.7%
"APPLICATION, EXTERNAL FIXATION DEVICE, LOWER EXTREMITY",Other review contexts,40,339,42.5%
"APPLICATION, GRAFT, SKIN, SPLIT-THICKNESS",Other review contexts,44,245,36.4%
"ARTHROPLASTY, KNEE",Other review contexts,660,5636,50.9%
"ARTHROPLASTY, SHOULDER",Other review contexts,83,656,55.4%
"ASPIRATION, BONE MARROW",Other review contexts,41,116,22.0%
"AV FISTULOGRAM, WITH ANGIOPLASTY IF INDICATED",Other review contexts,521,4774,51.4%
"BIOPSY, BONE",Other review contexts,89,806,56.2%
"BIOPSY, BRAIN, WITH IMAGING GUIDANCE",Other review contexts,40,355,52.5%
"BIOPSY, LIVER",Other review contexts,45,197,22.2%
"BIOPSY, LYMPH NODE",Other review contexts,33,147,24.2%
"BIOPSY, MUSCLE",Other review contexts,106,249,8.5%
BRACHYTHERAPY,Other review contexts,30,76,10.0%
BRONCHOSCOPY,Higher exposure / lower reliability,88,717,61.4%
"BRONCHOSCOPY, DIAGNOSTIC, WITH LAVAGE IF INDICATED",Other review contexts,73,165,9.6%
"BRONCHOSCOPY, RIGID",Other review contexts,298,2254,53.0%
"BRONCHOSCOPY, W ELECTROMAG NAV, ENDOBRONCH US, BIOPSY + FIDUCIAL MARKER PLACE",Other review contexts,58,331,44.8%
"BRONCHOSCOPY, WITH EBUS AND BIOPSY",Other review contexts,342,1641,35.1%
CABG (CORONARY ARTERY BYPASS GRAFT),Higher exposure / lower reliability,416,4310,68.0%
"CATHETERIZATION, HEART, LEFT, WITH INTERVENTION IF INDICATED",Other review contexts,368,2053,36.1%
CESAREAN SECTION,Higher exposure / lower reliability,44,751,68.2%
"CHOLECYSTECTOMY, LAPAROSCOPIC",Other review contexts,1108,8839,55.2%
"CHOLECYSTECTOMY, LAPAROSCOPIC, WITH CHOLANGIOGRAM",Other review contexts,200,1405,52.5%
"CHOLECYSTECTOMY, ROBOT-ASSISTED, LAPAROSCOPIC",Other review contexts,50,288,42.0%
CIRCUMCISION,Other review contexts,44,170,22.7%
"CLOSED REDUCTION, FRACTURE, PELVIS",Higher exposure / lower reliability,96,1359,76.0%
"CLOSURE, COLOSTOMY, LAPAROSCOPIC",Higher exposure / lower reliability,114,1920,75.4%
"CLOSURE, FLAP",Higher exposure / lower reliability,69,689,63.8%
"CLOSURE, ILEOSTOMY",Other review contexts,179,1580,56.4%
"CLOSURE, WOUND",Other review contexts,41,588,53.7%
COLECTOMY,Other review contexts,37,390,56.8%
"COLECTOMY, LEFT, LAPAROSCOPY-ASSISTED",Other review contexts,57,595,61.4%
"COLECTOMY, PARTIAL, LAPAROSCOPIC, WITH END COLOSTOMY CREATION",Higher exposure / lower reliability,60,885,78.3%
"COLECTOMY, RIGHT, PARTIAL, LAPAROSCOPIC, WITH TERMINAL ILEUM REMOVAL AND ILEOCOLOSTOMY",Other review contexts,71,687,53.5%
"COLECTOMY, SIGMOID, LAPAROSCOPY-ASSISTED",Higher exposure / lower reliability,171,1788,65.5%
"COLONOSCOPY, DIAGNOSTIC",Other review contexts,95,473,26.3%
"COLONOSCOPY, WITH BIOPSY",Other review contexts,67,303,26.9%
COLPOCLEISIS,Other review contexts,57,389,49.1%
"COLPOCLEISIS, WITH SLING PROCEDURE",Higher exposure / lower reliability,83,841,78.3%
"COLPORRHAPHY, ANTEROPOSTERIOR, WITH SUSPENSION OF VAGINAL VAULT AND CYSTOSCOPY",Other review contexts,47,337,51.1%
"CONE BIOPSY, CERVIX",Other review contexts,36,100,11.1%
"CONE BIOPSY, CERVIX, USING LEEP",Other review contexts,80,170,6.3%
"CONVERSION, PREVIOUS HIP SURGERY TO TOTAL HIP REPLACEMENT",Other review contexts,49,519,63.3%
CRANIECTOMY,Other review contexts,374,3721,56.7%
"CRANIECTOMY OR CRANIOTOMY, EMERGENT",Other review contexts,181,1454,56.9%
"CRANIECTOMY, FOR NEOPLASM EXCISION",Higher exposure / lower reliability,55,1332,89.1%
CRANIOPLASTY,Other review contexts,65,615,56.9%
CRANIOTOMY,Higher exposure / lower reliability,227,3646,78.4%
"CRANIOTOMY OR BURR HOLE, WITH SUBDURAL HEMATOMA EVACUATION",Other review contexts,144,1061,56.3%
"CRANIOTOMY, FOR ANEURYSM OR AVM CLIPPING, WITH IMAGING GUIDANCE",Higher exposure / lower reliability,58,906,75.9%
"CRANIOTOMY, FOR BRAIN NEOPLASM EXCISION, USING NAVIGATION SYSTEM",Higher exposure / lower reliability,169,2928,80.5%
"CRANIOTOMY, FOR HEMATOMA EVACUATION",Other review contexts,88,690,55.7%
"CRANIOTOMY, FOR SUBDURAL HEMATOMA EVACUATION",Other review contexts,85,601,52.9%
"CRANIOTOMY, FOR SUBOCCIPITAL NEOPLASM",Higher exposure / lower reliability,68,1363,80.9%
"CRANIOTOMY, TRANSSPHENOIDAL APPROACH",Other review contexts,31,353,74.2%
"CRANIOTOMY, WITH IMAGING GUIDANCE",Other review contexts,31,509,77.4%
"CRANIOTOMY, WITH MICROVASCULAR DECOMPRESSION",Other review contexts,32,167,34.4%
"CRANIOTOMY, WITH NEOPLASM EXCISION",Higher exposure / lower reliability,265,4089,84.5%
"CREATION, AV FISTULA",Other review contexts,434,3719,58.3%
"CREATION, AV FISTULA, USING VEIN TRANSPOSITION TECHNIQUE",Higher exposure / lower reliability,116,1124,62.9%
"CREATION, COLOSTOMY OR ILEOSTOMY, LAPAROSCOPIC",Other review contexts,114,812,43.9%
"CREATION, COLOSTOMY, DIVERTING",Other review contexts,30,190,53.3%
"CREATION, GASTRIC BYPASS, LAPAROSCOPIC, WITH ROUX-EN-Y GASTROENTEROSTOMY",Other review contexts,50,434,58.0%
"CRYOABLATION, MASS, KIDNEY",Other review contexts,33,310,63.6%
"CRYOTHERAPY, PROSTATE",Other review contexts,79,431,31.6%
CYSTECTOMY,Other review contexts,38,506,57.9%
CYSTOLITHOLAPAXY,Other review contexts,63,595,55.6%
"CYSTOPROSTATECTOMY, WITH ILEAL CONDUIT CREATION",Higher exposure / lower reliability,57,806,71.9%
CYSTOSCOPY,Other review contexts,125,1348,45.6%
"CYSTOSCOPY, + URETEROSCOPY, RETROGRADE PYELOGRAM, HOLMIUM LASER LITHOTRIPSY, + PERCUTANEOUS NEPHROLITHOTOMY",Higher exposure / lower reliability,341,3241,62.8%
"CYSTOSCOPY, WITH RETROGRADE PYELOGRAM AND URETERAL STENT INSERTION",Other review contexts,286,1229,19.9%
"CYSTOSCOPY, WITH RETROGRADE PYELOGRAM, URETEROSCOPY, URINARY CALCULUS LASER LITHOTRIPSY, + STENT INSERT",Higher exposure / lower reliability,524,4143,58.8%
"CYSTOSCOPY, WITH SUPRAPUBIC CATHETER INSERTION",Other review contexts,89,728,27.0%
"CYSTOSCOPY, WITH URETERAL STENT INSERTION",Other review contexts,58,263,19.0%
"CYSTOSCOPY, WITH URETERAL STENT REPLACEMENT",Other review contexts,38,132,18.4%
"CYSTOSTOMY, SUPRAPUBIC",Other review contexts,36,350,25.0%
"CYSTOURETEROSCOPY, WITH RETROGRADE PYELOGRAM AND URETERAL STENT INSERTION",Other review contexts,123,741,26.0%
"DA VINCI SI- PROSTATECTOMY, RADICAL, ROBOT-ASSISTED",Other review contexts,55,359,49.1%
"DA VINCI XI- PROSTATECTOMY, RADICAL, ROBOT-ASSISTED",Other review contexts,441,3933,50.3%
"DA VINCI XI- PROSTATECTOMY, SIMPLE, ROBOT-ASSISTED",Other review contexts,33,319,69.7%
DA VINCI XI- REPAIR INGUINAL HERNIA,Other review contexts,40,303,52.5%
"DEBRIDEMENT, WITH SPLIT-THICKNESS SKIN GRAFT APPLICATION",Higher exposure / lower reliability,704,9275,72.6%
"DEBRIDEMENT, WOUND",Other review contexts,440,3524,50.5%
"DECOMPRESSION AND FUSION, SPINE, CERVICAL, ANTERIOR APPROACH",Higher exposure / lower reliability,97,1157,77.3%
"DECOMPRESSION, SPINE, CERVICAL, ANTERIOR APPROACH",Other review contexts,104,963,51.0%
"DECOMPRESSION, SPINE, CERVICAL, POSTERIOR APPROACH",Higher exposure / lower reliability,46,646,69.6%
"DECOMPRESSION, SPINE, LUMBAR",Higher exposure / lower reliability,238,1913,58.8%
"DECOMPRESSION, SPINE, LUMBAR, POSTERIOR APPROACH, WITH POSTERIOR COLUMN FUSION",Other review contexts,35,419,62.9%
DILATION AND CURETTAGE,Other review contexts,320,940,11.3%
"DILATION AND EVACUATION, UTERUS",Other review contexts,880,2780,14.0%
"DISCECTOMY, CERVICAL, ANTERIOR, NEURO",Other review contexts,31,375,61.3%
"DISCECTOMY, INTERVERTEBRAL, WITH LAMINECTOMY",Other review contexts,49,353,28.6%
"DISCECTOMY, SPINE, CERVICAL, ANTERIOR APPROACH, WITH SPINAL FUSION USING INSTRUMENTATION IF INDICATED",Other review contexts,55,315,45.5%
"DISSECTION, NECK, MODIFIED RADICAL",Higher exposure / lower reliability,95,1140,70.5%
"ECHOCARDIOGRAM, TRANSESOPHAGEAL, INTRAOPERATIVE",Other review contexts,59,409,27.1%
EGD (ESOPHAGOGASTRODUODENOSCOPY),Other review contexts,434,2203,32.9%
"EGD, WITH BIOPSY",Other review contexts,410,2715,39.8%
"EGD, WITH GASTROJEJUNOSTOMY TUBE INSERTION, PERCUTANEOUS",Other review contexts,129,490,18.6%
"EGD, WITH STENT INSERTION",Other review contexts,51,176,19.6%
"ELECTROPHYSIOLOGY STUDY, WITH ARRHYTHMOGENIC FOCUS ABLATION, FOR ATRIAL FIBRILLATION",Other review contexts,43,511,76.7%
"EMBOLECTOMY, ARTERY",Other review contexts,44,532,54.5%
"EMBOLIZATION, BLOOD VESSEL, USING COIL",Higher exposure / lower reliability,133,1587,69.9%
"ENDARTERECTOMY, CAROTID",Other review contexts,66,607,53.0%
"ENDARTERECTOMY, FEMORAL",Other review contexts,36,595,83.3%
"ENDOSCOPY, NASAL",Other review contexts,62,579,66.1%
ERCP (ENDOSCOPIC RETROGRADE CHOLANGIOPANCREATOGRAPHY),Other review contexts,150,724,27.3%
"ESOPHAGOMYOTOMY, LAPAROSCOPIC, HELLER",Other review contexts,33,261,51.5%
EXAM UNDER ANESTHESIA,Other review contexts,140,1477,45.0%
"EXAM UNDER ANESTHESIA, ANORECTAL",Other review contexts,558,2105,18.8%
"EXAM UNDER ANESTHESIA, GYNECOLOGIC",Other review contexts,181,1940,49.7%
"EXAM UNDER ANESTHESIA, RECTUM, WITH SETON PLACEMENT",Other review contexts,45,108,8.9%
"EXAM UNDER ANESTHESIA, VAGINA",Other review contexts,53,322,24.5%
"EXCISION, CYST, OVARY, LAPAROSCOPIC",Higher exposure / lower reliability,80,642,58.8%
"EXCISION, EXTERNAL EAR",Higher exposure / lower reliability,39,970,89.7%
"EXCISION, LESION",Other review contexts,35,278,62.9%
"EXCISION, LESION, BONE",Higher exposure / lower reliability,108,2136,79.6%
"EXCISION, LESION, SKIN",Higher exposure / lower reliability,89,894,62.9%
"EXCISION, LIVER",Higher exposure / lower reliability,47,929,80.9%
"EXCISION, LIVER, LAPAROSCOPIC",Higher exposure / lower reliability,63,1345,81.0%
"EXCISION, LYMPH NODE, CERVICAL",Other review contexts,30,141,30.0%
"EXCISION, MASS, HIP",Other review contexts,35,512,68.6%
"EXCISION, MASS, NECK",Other review contexts,40,457,65.0%
"EXCISION, MASS, UPPER EXTREMITY",Other review contexts,32,168,46.9%
"EXCISION, NEOPLASM, PITUITARY, CRANIOTOMY OR TRANSSPHENOIDAL APPROACH",Higher exposure / lower reliability,45,618,64.4%
"EXCISION, NEOPLASM, PITUITARY, TRANSSPHENOIDAL APPROACH",Other review contexts,58,531,65.5%
"EXCISION, PAROTID GLAND",Higher exposure / lower reliability,139,1437,64.0%
"EXCISION, PITUITARY, TRANSSPHENOIDAL APPROACH",Higher exposure / lower reliability,105,1022,61.0%
"EXCISION, SCAR",Other review contexts,36,412,61.1%
"EXCISION, VARICOCELE",Other review contexts,72,267,27.8%
"EXPLORATION, CHEST",Other review contexts,76,665,53.9%
"EXPLORATION, LOWER EXTREMITY",Higher exposure / lower reliability,50,617,64.0%
"EXPLORATION, NECK",Other review contexts,149,1314,52.3%
"EXPLORATION, PENIS",Other review contexts,38,316,57.9%
"EXPLORATION, SCROTUM",Other review contexts,53,295,32.1%
"EXPLORATION, UPPER EXTREMITY",Higher exposure / lower reliability,110,1476,79.1%
"EXPLORATION, WITH NERVE REPAIR OF HAND OR WRIST",Other review contexts,37,588,86.5%
"EXPLORATION, WOUND",Higher exposure / lower reliability,95,967,69.5%
"EXTERNAL FIXATION, ANKLE",Other review contexts,62,430,41.9%
"EXTERNAL FIXATION, TIBIA",Other review contexts,54,537,53.7%
"EXTRACTION, CATARACT, WITH IOL AND GLAUCOMA IMPLANT INSERTION",Other review contexts,86,295,19.8%
FISTULOGRAM,Other review contexts,58,611,65.5%
"FIXATION, RIB, USING PLATE",Higher exposure / lower reliability,99,1289,65.7%
"FLAP MUSCLE, MYOCUTANEOUS OR FASCIOCUTANEOUS; HEAD/NECK, TRUNK, OR UPPER EXT",Higher exposure / lower reliability,40,862,82.5%
"FREE FLAP, WITH MICROVASCULAR ANASTOMOSIS",Higher exposure / lower reliability,79,1693,84.8%
"FUNDOPLICATION, LAPAROSCOPIC, NISSEN, FOR HIATAL HERNIA",Other review contexts,47,323,55.3%
"FUSION, SPINE, CERVICAL, ANTERIOR APPROACH",Other review contexts,35,478,71.4%
"FUSION, SPINE, CERVICAL, POSTERIOR APPROACH",Higher exposure / lower reliability,190,2249,66.8%
"FUSION, SPINE, LUMBAR AND LUMBOSACRAL, ANTERIOR APPROACH",Higher exposure / lower reliability,54,813,72.2%
"FUSION, SPINE, LUMBAR AND LUMBOSACRAL, USING POSTERIOR TECHNIQUE",Higher exposure / lower reliability,351,4229,69.2%
"FUSION, SPINE, LUMBAR, INTERBODY",Other review contexts,33,389,69.7%
"FUSION, SPINE, THORACIC",Higher exposure / lower reliability,65,929,69.2%
"FUSION, SPINE, THORACIC OR LUMBAR, OR BOTH THORACIC AND LUMBAR, POSTERIOR APPROACH, USING INSTRUMENTATION",Higher exposure / lower reliability,87,1534,83.9%
"FUSION, SPINE, THORACOLUMBAR, POSTERIOR APPROACH, USING INSTRUMENTATION",Other review contexts,37,598,78.4%
"FUSION, SPINE, XLIF, ANTERIOR RETROPERITONEAL APPROACH",Higher exposure / lower reliability,56,787,71.4%
"GASTRECTOMY, PARTIAL, LAPAROSCOPIC",Other review contexts,41,577,85.4%
"GASTRECTOMY, SLEEVE, LAPAROSCOPIC",Other review contexts,216,1162,38.9%
"GASTROSTOMY, LAPAROSCOPIC",Other review contexts,30,189,50.0%
"GASTROSTOMY, PERCUTANEOUS, ENDOSCOPIC",Other review contexts,210,747,15.2%
GI EGD EUS FNA,Other review contexts,197,1026,38.6%
GI ENDOSCOPIC ULTRASOUND GUIDED FINE NEEDLE ASPIRATION,Other review contexts,61,333,37.7%
GI ENDOSCOPIC ULTRASOUND UPPER,Other review contexts,111,364,19.8%
"GLOSSECTOMY, PARTIAL",Higher exposure / lower reliability,84,2259,78.6%
"HEMIARTHROPLASTY, HIP",Other review contexts,127,881,44.1%
"HEMICOLECTOMY, RIGHT, LAPAROSCOPIC",Other review contexts,60,556,60.0%
HEMORRHOIDECTOMY,Other review contexts,48,142,14.6%
"HERNIORRHAPHY, INGUINAL",Other review contexts,260,1747,41.5%
"HERNIORRHAPHY, INGUINAL, LAPAROSCOPIC",Other review contexts,137,923,45.3%
"HERNIORRHAPHY, ROBOT-ASSISTED, LAPAROSCOPIC, USING DA VINCI SI",Other review contexts,36,305,63.9%
"HIPEC - CHEMOTHERAPY, INTRAPERITONEAL, HYPERTHERMIC",Higher exposure / lower reliability,42,834,81.0%
"HYSTERECTOMY, ABDOMINAL, LAPAROSCOPIC",Higher exposure / lower reliability,149,1739,70.5%
"HYSTERECTOMY, TOTAL ABDOMINAL, WITH BILATERAL SALPINGO-OOPHORECTOMY, WITH LYMPHADENECTOMY",Higher exposure / lower reliability,101,1596,80.2%
"HYSTERECTOMY, TOTAL, ABDOMINAL",Higher exposure / lower reliability,146,1865,72.6%
"HYSTERECTOMY, TOTAL, ABDOMINAL, ROBOT-ASSISTED, LAPAROSCOPIC, WITH BSO",Other review contexts,497,4454,55.7%
"HYSTERECTOMY, TOTAL, ABDOMINAL, WITH BILATERAL SALPINGO-OOPHORECTOMY",Other review contexts,35,354,74.3%
"HYSTERECTOMY, TOTAL, ABDOMINAL, WITH BSO AND NEOPLASM DEBULKING",Higher exposure / lower reliability,173,2561,80.3%
"HYSTERECTOMY, TOTAL, VAGINAL",Other review contexts,62,511,61.3%
"HYSTERECTOMY, VAGINAL, LAPAROSCOPY-ASSISTED",Other review contexts,30,297,66.7%
"HYSTERECTOMY, VAGINAL, ROBOT-ASSISTED, LAPAROSCOPY-ASSISTED",Other review contexts,57,534,61.4%
"HYSTERECTOMY, VAGINAL, WITH SALPINGO-OOPHORECTOMY",Other review contexts,82,702,54.9%
HYSTEROSCOPY,Other review contexts,51,209,29.4%
"HYSTEROSCOPY, WITH BIOPSY OR POLYPECTOMY",Other review contexts,192,580,12.5%
"HYSTEROSCOPY, WITH DILATION AND CURETTAGE OF UTERUS",Other review contexts,188,663,17.6%
"ILEOCOLECTOMY, LAPAROSCOPIC ASSISTED",Other review contexts,68,546,57.4%
"IMPLANTATION, DEEP BRAIN STIMULATOR, LEAD ONLY",Other review contexts,65,568,58.5%
"IMPLANTATION, NEUROSTIMULATOR, SPINAL CORD",Other review contexts,44,265,38.6%
"INCISION AND DRAINAGE, ABSCESS, PERIANAL",Other review contexts,35,161,25.7%
"INCISION AND DRAINAGE, ABSCESS, UPPER EXTREMITY",Other review contexts,63,290,27.0%
"INCISION AND DRAINAGE, HEAD AND NECK",Other review contexts,43,228,34.9%
"INSERTION, CATHETER, FOR PERITONEAL DIALYSIS",Other review contexts,123,660,35.0%
"INSERTION, CATHETER, RIGHT HEART",Other review contexts,34,238,32.4%
"INSERTION, DEEP BRAIN STIMULATOR, ROBOT-ASSISTED, FOR PARKINSON'S DISEASE",Other review contexts,33,349,78.8%
"INSERTION, DRAIN",Other review contexts,196,713,19.4%
"INSERTION, GASTROSTOMY TUBE",Other review contexts,36,169,27.8%
"INSERTION, IMPLANT, BREAST",Higher exposure / lower reliability,74,1261,85.1%
"INSERTION, IMPLANTABLE PULSE GENERATOR AND ELECTRODES OF SACRAL NERVE STIMULATOR",Other review contexts,90,425,35.6%
"INSERTION, INTERNAL PULSE GENERATOR, FOR DEEP BRAIN STIMULATION",Other review contexts,100,374,24.0%
"INSERTION, INTRAMEDULLARY NAIL, TIBIA",Higher exposure / lower reliability,52,618,63.5%
"INSERTION, PENILE PROSTHESIS",Other review contexts,199,734,16.6%
"INSERTION, PERIPHERAL NERVE STIMULATOR GENERATOR",Other review contexts,61,373,31.1%
"INSERTION, REMOVAL, OR REVISION, PROSTHESIS, PENILE",Other review contexts,69,402,43.5%
"INSERTION, SHUNT, LUMBOPERITONEAL",Other review contexts,38,237,44.7%
"INSERTION, SHUNT, VENTRICULOPERITONEAL, LAPAROSCOPIC, USING COMPUTER-ASSISTED NAVIGATION",Other review contexts,108,439,26.9%
"INSERTION, TUNNELED CENTRAL VENOUS DEVICE, WITH PORT",Other review contexts,187,805,16.6%
"INSERTION, TUNNELED CUFFED HEMODIALYSIS CATHETER OR TUNNELED CENTRAL VENOUS CATHETER WITH PORT",Other review contexts,69,534,37.7%
"INSERTION, VAGUS NERVE STIMULATOR",Other review contexts,69,415,46.4%
"INTRAMEDULLARY RODDING, FEMUR",Other review contexts,41,514,68.3%
IR ANGIO ABDOMINAL,Other review contexts,66,488,57.6%
IR ANGIO CEREBRAL DIAGNOSTIC,Other review contexts,151,986,38.4%
IR ANGIO PELVIS,Other review contexts,42,357,69.0%
IR CHNG NEPHROSTOMY TUBE,Other review contexts,36,120,19.4%
IR CT BIOPSY RENAL,Other review contexts,33,148,18.2%
IR DRAINAGE ABSCESS CYST,Other review contexts,61,271,29.5%
IR EMBO NON-CNS,Higher exposure / lower reliability,155,1490,65.2%
IR EMBO TACE CHEMO,Higher exposure / lower reliability,96,755,59.4%
IR EMBO TARE,Other review contexts,31,213,61.3%
IR INSERT BILIARY TUBE,Other review contexts,31,248,61.3%
IR NEPHROSTOMY TUBE,Other review contexts,127,671,38.6%
IR PARACENTESIS,Other review contexts,39,166,12.8%
IR PLCMT CHEST TUBE,Other review contexts,74,309,17.6%
IR PLCMT GASTROSTOMY TUBE,Other review contexts,142,476,16.2%
IR PLCMT IVC FILTER,Other review contexts,93,389,19.4%
IR PLCMT TUNNELED CATH,Other review contexts,143,427,13.3%
IR RENAL BIOPSY,Other review contexts,86,229,9.3%
IR TUBE CHECK,Other review contexts,32,118,18.8%
IR US BIOPSY RENAL,Other review contexts,35,84,11.4%
"IRRIGATION AND DEBRIDEMENT, ABSCESS",Other review contexts,53,469,43.4%
"IRRIGATION AND DEBRIDEMENT, EXTREMITY",Other review contexts,403,3998,55.1%
"IRRIGATION AND DEBRIDEMENT, FOOT",Other review contexts,62,356,40.3%
"IRRIGATION AND DEBRIDEMENT, HAND",Higher exposure / lower reliability,182,1996,65.4%
"IRRIGATION AND DEBRIDEMENT, HIP",Other review contexts,38,582,89.5%
"IRRIGATION AND DEBRIDEMENT, HIP, WITH REMOVAL OR INSERTION OF HIP SPACER",Other review contexts,34,419,76.5%
"IRRIGATION AND DEBRIDEMENT, KNEE",Higher exposure / lower reliability,82,718,59.8%
"IRRIGATION AND DEBRIDEMENT, LOWER EXTREMITY",Other review contexts,586,5245,54.1%
"IRRIGATION AND DEBRIDEMENT, SPINE",Other review contexts,50,389,42.0%
"IRRIGATION AND DEBRIDEMENT, UPPER EXTREMITY",Higher exposure / lower reliability,181,2250,70.7%
"IRRIGATION AND DEBRIDEMENT, WOUND",Other review contexts,220,1904,50.0%
"IRRIGATION AND DEBRIDEMENT, WOUND, RELATED TO IMPAIRED POSTOPERATIVE HEALING",Other review contexts,38,257,36.8%
"IRRIGATION, WOUND, ABDOMEN",Other review contexts,181,1329,44.2%
"JEJUNOSTOMY, LAPAROSCOPIC",Other review contexts,54,317,40.7%
"KERATOPLASTY, PENETRATING",Other review contexts,43,291,51.2%
"LAMINECTOMY, DECOMPRESSIVE",Other review contexts,43,572,76.7%
"LAMINECTOMY, LUMBAR",Other review contexts,108,1041,56.5%
"LAMINECTOMY, SPINE, THORACIC",Higher exposure / lower reliability,36,655,80.6%
"LAMINECTOMY, SPINE, WITH MICRODISCECTOMY",Other review contexts,63,444,42.9%
"LAMINECTOMY, SPINE, WITH NEOPLASM EXCISION",Higher exposure / lower reliability,43,658,69.8%
"LAMINECTOMY, THORACIC OR LUMBAR, POSTERIOR APPROACH",Higher exposure / lower reliability,76,1073,76.3%
"LAMINOPLASTY, SPINE, CERVICAL, POSTERIOR APPROACH",Other review contexts,46,330,47.8%
"LAPAROSCOPIC REPAIR, PARAESOPHAGEAL HERNIA",Other review contexts,152,934,39.5%
"LAPAROSCOPY, DIAGNOSTIC",Higher exposure / lower reliability,996,12895,65.6%
"LAPAROSCOPY, DIAGNOSTIC, WITH ECTOPIC PREGNANCY EXCISION, WITH LAPAROTOMY IF INDICATED",Other review contexts,36,149,30.6%
"LAPAROSCOPY, DIAGNOSTIC, WITH EXPLORATORY LAPAROTOMY AND LIVER RESECTION",Higher exposure / lower reliability,34,821,76.5%
"LAPAROSCOPY, DIAGNOSTIC, WITH EXPLORATORY LAPAROTOMY IF INDICATED",Higher exposure / lower reliability,308,3793,65.9%
"LAPAROSCOPY, EXPLORATORY",Higher exposure / lower reliability,52,1047,90.4%
"LAPAROTOMY, EXPLORATORY",Higher exposure / lower reliability,903,14378,75.4%
"LAPAROTOMY, EXPLORATORY, EMERGENT FOR ABDOMINAL TRAUMA",Higher exposure / lower reliability,263,3385,70.3%
"LAPAROTOMY, EXPLORATORY, WITH BOWEL RESECTION",Higher exposure / lower reliability,132,2817,82.6%
"LAPAROTOMY, EXPLORATORY, WITH SALPINGO-OOPHORECTOMY",Other review contexts,45,594,68.9%
"LARYNGOSCOPY, DIRECT",Other review contexts,31,315,61.3%
"LARYNGOSCOPY, DIRECT, WITH BIOPSY",Other review contexts,202,1354,37.1%
"LARYNGOSCOPY, DIRECT, WITH ESOPHAGOSCOPY AND BIOPSY",Other review contexts,37,186,18.9%
"LIGATION, AV FISTULA",Higher exposure / lower reliability,70,784,64.3%
"LIGATION, FALLOPIAN TUBE, BILATERAL, LAPAROSCOPIC",Other review contexts,83,235,12.0%
"LOBECTOMY, BRAIN, TEMPORAL",Other review contexts,48,319,35.4%
"LOBECTOMY, THYROID",Other review contexts,106,701,47.2%
"LOBECTOMY, THYROID, TOTAL",Other review contexts,82,297,14.6%
"LUMPECTOMY, BREAST",Other review contexts,41,364,68.3%
"MANIPULATION, JOINT",Other review contexts,30,142,10.0%
"MASTECTOMY, SIMPLE",Higher exposure / lower reliability,92,1409,88.0%
"MASTECTOMY, SIMPLE, WITH SENTINEL LYMPH NODE BIOPSY",Higher exposure / lower reliability,79,1458,79.7%
"MASTOPEXY, BILATERAL",Other review contexts,51,584,62.7%
MAXILLECTOMY,Higher exposure / lower reliability,39,1191,92.3%
MEDIAN STERNOTOMY,Other review contexts,31,581,74.2%
MUSCLE FLAP,Higher exposure / lower reliability,40,663,80.0%
MYOMECTOMY,Other review contexts,32,276,62.5%
"MYOMECTOMY, UTERUS, ROBOT-ASSISTED, LAPAROSCOPIC",Other review contexts,36,368,66.7%
NEPHRECTOMY,Other review contexts,35,566,77.1%
"NEPHRECTOMY, LAPAROSCOPIC",Higher exposure / lower reliability,81,1238,74.1%
"NEPHRECTOMY, PARTIAL, LAPAROSCOPIC",Other review contexts,40,378,62.5%
"NEPHRECTOMY, PARTIAL, ROBOT-ASSISTED, LAPAROSCOPIC",Higher exposure / lower reliability,68,962,70.6%
"NEPHRECTOMY, RADICAL",Higher exposure / lower reliability,46,858,82.6%
"NEPHRECTOMY, RADICAL, LAPAROSCOPIC",Higher exposure / lower reliability,84,959,72.6%
"NEPHROLITHOTOMY, PERCUTANEOUS, OR PERCUTANEOUS NEPHROLITHOTRIPSY",Higher exposure / lower reliability,105,1031,68.6%
"NEPHROURETERECTOMY, LAPAROSCOPIC",Other review contexts,33,507,84.8%
"OPERATION, INTERVERTEBRAL DISC",Other review contexts,36,463,77.8%
ORBITOTOMY,Other review contexts,45,294,37.8%
"ORCHIECTOMY, RADICAL",Other review contexts,33,155,42.4%
ORIF ANTERIOR PELVIS,Other review contexts,33,490,81.8%
ORIF POSTERIOR PELVIS,Higher exposure / lower reliability,63,1061,79.4%
"ORIF, ANKLE",Higher exposure / lower reliability,398,4256,66.3%
"ORIF, ELBOW",Higher exposure / lower reliability,55,773,67.3%
"ORIF, FINGER",Other review contexts,40,339,52.5%
"ORIF, FRACTURE, ACETABULUM",Higher exposure / lower reliability,155,2627,75.5%
"ORIF, FRACTURE, CALCANEUS",Other review contexts,51,597,76.5%
"ORIF, FRACTURE, CLAVICLE",Other review contexts,58,449,55.2%
"ORIF, FRACTURE, FACIAL BONE",Higher exposure / lower reliability,49,1078,87.8%
"ORIF, FRACTURE, FEMUR",Higher exposure / lower reliability,546,7048,71.2%
"ORIF, FRACTURE, FOOT",Other review contexts,47,540,72.3%
"ORIF, FRACTURE, HUMERUS",Higher exposure / lower reliability,208,2781,73.6%
"ORIF, FRACTURE, MANDIBLE, WITH MAXILLOMANDIBULAR FIXATION",Higher exposure / lower reliability,60,974,68.3%
"ORIF, FRACTURE, METACARPAL BONE",Other review contexts,34,327,67.6%
"ORIF, FRACTURE, PATELLA",Other review contexts,55,309,36.4%
"ORIF, FRACTURE, RADIUS",Higher exposure / lower reliability,208,1998,62.5%
"ORIF, FRACTURE, RADIUS OR ULNA",Higher exposure / lower reliability,68,843,70.6%
"ORIF, FRACTURE, RADIUS, DISTAL",Higher exposure / lower reliability,66,628,68.2%
"ORIF, FRACTURE, TIBIA",Higher exposure / lower reliability,337,4228,69.1%
"ORIF, FRACTURE, TIBIA OR FIBULA",Higher exposure / lower reliability,83,1029,69.9%
"ORIF, FRACTURE, TIBIA, PLATEAU",Higher exposure / lower reliability,88,1173,77.3%
"ORIF, FRACTURE, ULNA, OLECRANON PROCESS",Other review contexts,61,540,59.0%
"ORIF, HAND",Other review contexts,34,553,67.6%
"ORIF, HIP",Other review contexts,68,642,55.9%
"ORIF, WRIST",Higher exposure / lower reliability,73,856,63.0%
"PANCREATECTOMY, DISTAL, SUBTOTAL, WITH SPLENECTOMY",Higher exposure / lower reliability,83,1479,77.1%
PARATHYROIDECTOMY,Other review contexts,218,1755,45.9%
"PLACEMENT OF STEREOELECTROENCEPHALOGRAPY (SEEG), WITH INTRAOPERATIVE CT",Other review contexts,40,206,30.0%
"PLACEMENT, FILTER, INFERIOR VENA CAVA",Other review contexts,59,246,22.0%
"PLACEMENT, GRAFT, ARTERIOVENOUS",Other review contexts,51,506,68.6%
"PLACEMENT, SHUNT, VENTRICULOPERITONEAL",Other review contexts,94,436,38.3%
"PROCTOCOLECTOMY, TOTAL, LAPAROSCOPIC, ROBOT-ASSISTED",Higher exposure / lower reliability,67,1010,76.1%
"PROSTATECTOMY, ROBOT-ASSISTED",Higher exposure / lower reliability,64,1286,76.6%
"RADICAL RESECTION, TONSIL/TONSILLAR PILLARS AND/OR RETROMOLAR TRIGONE",Higher exposure / lower reliability,62,819,66.1%
"RADIOFREQUENCY ABLATION, VARICOSE VEIN",Other review contexts,87,498,39.1%
"RECONSTRUCTION, BREAST, BILATERAL",Higher exposure / lower reliability,48,916,85.4%
"RECONSTRUCTION, BREAST, UNILATERAL",Other review contexts,34,452,61.8%
"RECONSTRUCTION, BREAST, WITH LATISSIMUS DORSI MYOCUTANEOUS FLAP",Higher exposure / lower reliability,102,913,63.7%
"RECONSTRUCTION, PENIS",Other review contexts,61,600,68.9%
"RECONSTRUCTION, URETHRA",Higher exposure / lower reliability,95,1383,73.7%
"RECTOPEXY, ROBOT-ASSISTED, LAPAROSCOPIC",Other review contexts,68,603,58.8%
"RELEASE, CARPAL TUNNEL",Other review contexts,81,382,28.4%
"REMOVAL, CATHETER, CENTRAL VENOUS, TUNNELED, WITH PORT",Other review contexts,46,345,19.6%
"REMOVAL, CATHETER, DIALYSIS, PERITONEAL",Other review contexts,53,374,35.8%
"REMOVAL, DEPTH ELECTRODE LEADS, INTRACRANIAL",Other review contexts,44,418,22.7%
"REMOVAL, GASTRIC BAND, LAPAROSCOPIC",Other review contexts,41,198,24.4%
"REMOVAL, HARDWARE, ANKLE",Other review contexts,49,533,65.3%
"REMOVAL, HARDWARE, HIP",Other review contexts,30,481,73.3%
"REMOVAL, HARDWARE, LOWER EXTREMITY",Higher exposure / lower reliability,133,1759,73.7%
"REMOVAL, HARDWARE, SPINE",Other review contexts,30,227,46.7%
"REMOVAL, IMPLANT",Higher exposure / lower reliability,77,1115,72.7%
"REMOVAL, IMPLANT, BREAST",Higher exposure / lower reliability,55,927,78.2%
"REMOVAL, INFERIOR VENA CAVAL FILTER",Other review contexts,64,484,42.2%
"REMOVAL, NEUROSTIMULATOR ELECTRODES, SACRAL",Other review contexts,39,231,56.4%
"REMOVAL, ORTHOPEDIC HARDWARE, UPPER EXTREMITY",Other review contexts,111,937,49.5%
"REPAIR, AAA, ENDOVASCULAR",Higher exposure / lower reliability,96,1806,84.4%
"REPAIR, AORTA, THORACIC, DESCENDING, ENDOVASCULAR",Higher exposure / lower reliability,37,635,70.3%
"REPAIR, AORTA, THORACIC, ENDOVASCULAR",Other review contexts,39,469,66.7%
"REPAIR, ASCENDING AORTA AND AORTIC ARCH",Other review contexts,33,454,84.8%
"REPAIR, FRACTURE NONUNION, BONE",Higher exposure / lower reliability,110,1552,77.3%
"REPAIR, GLOBE, RUPTURED",Higher exposure / lower reliability,143,1267,60.8%
"REPAIR, HERNIA, HIATAL, LAPAROSCOPIC",Other review contexts,382,3125,49.7%
"REPAIR, HERNIA, INCISIONAL",Higher exposure / lower reliability,73,1100,72.6%
"REPAIR, HERNIA, UMBILICAL",Other review contexts,97,662,52.6%
"REPAIR, HERNIA, VENTRAL",Higher exposure / lower reliability,54,906,75.9%
"REPAIR, HERNIA, VENTRAL, LAPAROSCOPIC",Higher exposure / lower reliability,128,1416,65.6%
"REPAIR, JOINT, HIP",Other review contexts,397,3819,55.9%
"REPAIR, LACRIMAL CANALICULUS",Other review contexts,36,220,41.7%
"REPAIR, RETINAL DETACHMENT",Higher exposure / lower reliability,182,1558,60.4%
"REPAIR, STENOSIS, NOSE, VESTIBULE",Higher exposure / lower reliability,270,2750,64.1%
"REPAIR, TENDON, HAND",Other review contexts,33,431,54.5%
"REPLACEMENT, AORTIC VALVE",Higher exposure / lower reliability,82,1123,74.4%
"REPLACEMENT, DEEP BRAIN STIMULATOR GENERATOR OR BATTERY",Other review contexts,121,425,18.2%
"REPLACEMENT, MITRAL VALVE",Other review contexts,50,607,72.0%
"REPLACEMENT, NEUROSTIMULATOR PULSE GENERATOR",Other review contexts,31,97,19.4%
"RESECTION, ABDOMINOPERINEAL, ROBOT-ASSISTED",Higher exposure / lower reliability,46,856,78.3%
"RESECTION, NEOPLASM, BLADDER, CYSTOSCOPIC, TRANSURETHRAL",Other review contexts,278,1848,48.9%
"RESECTION, RECTUM, LOW ANTERIOR",Other review contexts,32,524,71.9%
"RESECTION, RECTUM, LOW ANTERIOR, LAPAROSCOPIC",Higher exposure / lower reliability,45,643,64.4%
"RESECTION, RECTUM, LOW ANTERIOR, ROBOT-ASSISTED",Higher exposure / lower reliability,114,1518,74.6%
"RESECTION, SMALL INTESTINE, LAPAROSCOPIC",Other review contexts,44,513,72.7%
"REVISION, AMPUTATION SITE",Other review contexts,79,701,55.7%
"REVISION, GASTRIC BYPASS, LAPAROSCOPIC",Other review contexts,37,524,70.3%
"REVISION, RECONSTRUCTION, BREAST",Higher exposure / lower reliability,184,2957,86.4%
"REVISION, SHUNT, VENTRICULOPERITONEAL",Other review contexts,53,382,47.2%
RHYTIDECTOMY,Other review contexts,47,509,76.6%
"SACROCOLPOPEXY, ROBOT-ASSISTED",Higher exposure / lower reliability,100,1124,63.0%
"SALPINGECTOMY, LAPAROSCOPIC",Other review contexts,68,254,19.1%
"SALPINGO-OOPHORECTOMY, LAPAROSCOPIC",Other review contexts,77,676,48.1%
"SIGMOIDOSCOPY, FLEXIBLE",Other review contexts,35,136,20.0%
"SINUS SURGERY, ENDOSCOPIC",Other review contexts,35,509,74.3%
"SINUS SURGERY, ENDOSCOPIC, WITH IMAGING GUIDANCE",Other review contexts,35,255,51.4%
SKIN GRAFTING; NON-BURN,Other review contexts,40,216,50.0%
THORACENTESIS,Other review contexts,92,229,12.0%
THORACOTOMY,Other review contexts,35,562,74.3%
THROMBECTOMY,Higher exposure / lower reliability,58,667,70.7%
"THROMBECTOMY, AV GRAFT, UPPER EXTREMITY",Other review contexts,32,285,50.0%
"THROMBECTOMY, GRAFT",Other review contexts,35,381,68.6%
THYROIDECTOMY,Other review contexts,39,394,66.7%
"THYROIDECTOMY, TOTAL",Higher exposure / lower reliability,298,3751,74.5%
TRACHEOSTOMY,Other review contexts,220,1398,38.6%
"TRANSPLANT RECIPIENT, KIDNEY, FROM DECEASED DONOR",Other review contexts,391,2784,54.5%
"TRANSPLANT RECIPIENT, KIDNEY, FROM LIVING DONOR",Other review contexts,67,594,62.7%
"TRANSPLANT, NEPHRECTOMY, LIVING DONOR, LAPAROSCOPIC",Other review contexts,66,558,68.2%
TRANSURETHRAL RESECTION OF PROSTATE (TURP),Other review contexts,213,1325,50.2%
"TURBT, WITH BLUE LIGHT CYSTOSCOPY AND CYSVIEW",Other review contexts,368,1656,29.3%
"UNLISTED PROCEDURE, URINARY SYSTEM",Higher exposure / lower reliability,52,882,84.6%
"URETEROSCOPY, NON-STONE",Other review contexts,51,267,27.5%
"VATS, WITH THORACOTOMY IF INDICATED",Higher exposure / lower reliability,162,1995,74.1%
"VENOGRAM, WITH THROMBOLYSIS IF INDICATED",Other review contexts,48,466,60.4%
VIDEO-ASSISTED THORACOSCOPIC SURGERY (VATS),Higher exposure / lower reliability,161,1846,63.4%
VITRECTOMY,Other review contexts,47,338,42.6%
"VITRECTOMY, PARS PLANA APPROACH",Other review contexts,78,559,52.6%
"WEDGE RESECTION, LOBE, LUNG, USING VIDEO-ASSISTED THORACOSCOPIC SURGERY",Other review contexts,62,623,53.2%
WHIPPLE PROCEDURE,Higher exposure / lower reliability,67,1258,76.1%
"WHIPPLE PROCEDURE, LAPAROSCOPIC",Higher exposure / lower reliability,87,1465,80.5%
