Procedure,Cases (Procedure),% Outside ±30 Min (Procedure),Historical Benchmark (min),Review Context
MAXILLECTOMY,39,92.3%,342,"Prioritize review / high exposure, unreliable"
"LAPAROSCOPY, EXPLORATORY",52,90.4%,191,"Prioritize review / high exposure, unreliable"
"EXCISION, EXTERNAL EAR",39,89.7%,320,"Prioritize review / high exposure, unreliable"
"IRRIGATION AND DEBRIDEMENT, HIP",38,89.5%,159,"Review variability / low exposure, unreliable"
"CRANIECTOMY, FOR NEOPLASM EXCISION",55,89.1%,364,"Prioritize review / high exposure, unreliable"
"MASTECTOMY, SIMPLE",92,88.0%,304,"Prioritize review / high exposure, unreliable"
"ORIF, FRACTURE, FACIAL BONE",49,87.8%,322,"Prioritize review / high exposure, unreliable"
"EXPLORATION, WITH NERVE REPAIR OF HAND OR WRIST",37,86.5%,251,"Review variability / low exposure, unreliable"
"REVISION, RECONSTRUCTION, BREAST",184,86.4%,259,"Prioritize review / high exposure, unreliable"
"GASTRECTOMY, PARTIAL, LAPAROSCOPIC",41,85.4%,159,"Review variability / low exposure, unreliable"
"RECONSTRUCTION, BREAST, BILATERAL",48,85.4%,341,"Prioritize review / high exposure, unreliable"
"INSERTION, IMPLANT, BREAST",74,85.1%,288,"Prioritize review / high exposure, unreliable"
"FREE FLAP, WITH MICROVASCULAR ANASTOMOSIS",79,84.8%,498,"Prioritize review / high exposure, unreliable"
"NEPHROURETERECTOMY, LAPAROSCOPIC",33,84.8%,280,"Review variability / low exposure, unreliable"
"REPAIR, ASCENDING AORTA AND AORTIC ARCH",33,84.8%,516,"Review variability / low exposure, unreliable"
"UNLISTED PROCEDURE, URINARY SYSTEM",52,84.6%,339,"Prioritize review / high exposure, unreliable"
"CRANIOTOMY, WITH NEOPLASM EXCISION",265,84.5%,328,"Prioritize review / high exposure, unreliable"
"REPAIR, AAA, ENDOVASCULAR",96,84.4%,321,"Prioritize review / high exposure, unreliable"
"FUSION, SPINE, THORACIC OR LUMBAR, OR BOTH THORACIC AND LUMBAR, POSTERIOR APPROACH, USING INSTRUMENTATION",87,83.9%,337,"Prioritize review / high exposure, unreliable"
"ENDARTERECTOMY, FEMORAL",36,83.3%,370,"Review variability / low exposure, unreliable"
"LAPAROTOMY, EXPLORATORY, WITH BOWEL RESECTION",132,82.6%,229,"Prioritize review / high exposure, unreliable"
"NEPHRECTOMY, RADICAL",46,82.6%,316,"Prioritize review / high exposure, unreliable"
"FLAP MUSCLE, MYOCUTANEOUS OR FASCIOCUTANEOUS; HEAD/NECK, TRUNK, OR UPPER EXT",40,82.5%,533,"Prioritize review / high exposure, unreliable"
ORIF ANTERIOR PELVIS,33,81.8%,268,"Review variability / low exposure, unreliable"
"EXCISION, LIVER, LAPAROSCOPIC",63,81.0%,381,"Prioritize review / high exposure, unreliable"
"HIPEC - CHEMOTHERAPY, INTRAPERITONEAL, HYPERTHERMIC",42,81.0%,527,"Prioritize review / high exposure, unreliable"
"CRANIOTOMY, FOR SUBOCCIPITAL NEOPLASM",68,80.9%,351,"Prioritize review / high exposure, unreliable"
"EXCISION, LIVER",47,80.9%,438,"Prioritize review / high exposure, unreliable"
"LAMINECTOMY, SPINE, THORACIC",36,80.6%,253,"Prioritize review / high exposure, unreliable"
"CRANIOTOMY, FOR BRAIN NEOPLASM EXCISION, USING NAVIGATION SYSTEM",169,80.5%,317,"Prioritize review / high exposure, unreliable"
"WHIPPLE PROCEDURE, LAPAROSCOPIC",87,80.5%,601,"Prioritize review / high exposure, unreliable"
"HYSTERECTOMY, TOTAL, ABDOMINAL, WITH BSO AND NEOPLASM DEBULKING",173,80.3%,276,"Prioritize review / high exposure, unreliable"
"HYSTERECTOMY, TOTAL ABDOMINAL, WITH BILATERAL SALPINGO-OOPHORECTOMY, WITH LYMPHADENECTOMY",101,80.2%,272,"Prioritize review / high exposure, unreliable"
MUSCLE FLAP,40,80.0%,225,"Prioritize review / high exposure, unreliable"
"MASTECTOMY, SIMPLE, WITH SENTINEL LYMPH NODE BIOPSY",79,79.7%,279,"Prioritize review / high exposure, unreliable"
"EXCISION, LESION, BONE",108,79.6%,299,"Prioritize review / high exposure, unreliable"
ORIF POSTERIOR PELVIS,63,79.4%,158,"Prioritize review / high exposure, unreliable"
"EXPLORATION, UPPER EXTREMITY",110,79.1%,183,"Prioritize review / high exposure, unreliable"
"INSERTION, DEEP BRAIN STIMULATOR, ROBOT-ASSISTED, FOR PARKINSON'S DISEASE",33,78.8%,420,"Review variability / low exposure, unreliable"
"GLOSSECTOMY, PARTIAL",84,78.6%,142,"Prioritize review / high exposure, unreliable"
"ADRENALECTOMY, LAPAROSCOPIC",37,78.4%,254,"Review variability / low exposure, unreliable"
CRANIOTOMY,227,78.4%,240,"Prioritize review / high exposure, unreliable"
"FUSION, SPINE, THORACOLUMBAR, POSTERIOR APPROACH, USING INSTRUMENTATION",37,78.4%,314,"Review variability / low exposure, unreliable"
"COLECTOMY, PARTIAL, LAPAROSCOPIC, WITH END COLOSTOMY CREATION",60,78.3%,252,"Prioritize review / high exposure, unreliable"
"COLPOCLEISIS, WITH SLING PROCEDURE",83,78.3%,151,"Prioritize review / high exposure, unreliable"
"RESECTION, ABDOMINOPERINEAL, ROBOT-ASSISTED",46,78.3%,389,"Prioritize review / high exposure, unreliable"
"REMOVAL, IMPLANT, BREAST",55,78.2%,194,"Prioritize review / high exposure, unreliable"
"OPERATION, INTERVERTEBRAL DISC",36,77.8%,245,"Review variability / low exposure, unreliable"
"CRANIOTOMY, WITH IMAGING GUIDANCE",31,77.4%,269,"Review variability / low exposure, unreliable"
"DECOMPRESSION AND FUSION, SPINE, CERVICAL, ANTERIOR APPROACH",97,77.3%,254,"Prioritize review / high exposure, unreliable"
"ORIF, FRACTURE, TIBIA, PLATEAU",88,77.3%,258,"Prioritize review / high exposure, unreliable"
"REPAIR, FRACTURE NONUNION, BONE",110,77.3%,253,"Prioritize review / high exposure, unreliable"
NEPHRECTOMY,35,77.1%,318,"Review variability / low exposure, unreliable"
"PANCREATECTOMY, DISTAL, SUBTOTAL, WITH SPLENECTOMY",83,77.1%,426,"Prioritize review / high exposure, unreliable"
"ELECTROPHYSIOLOGY STUDY, WITH ARRHYTHMOGENIC FOCUS ABLATION, FOR ATRIAL FIBRILLATION",43,76.7%,293,"Review variability / low exposure, unreliable"
"LAMINECTOMY, DECOMPRESSIVE",43,76.7%,243,"Review variability / low exposure, unreliable"
"PROSTATECTOMY, ROBOT-ASSISTED",64,76.6%,401,"Prioritize review / high exposure, unreliable"
RHYTIDECTOMY,47,76.6%,429,"Review variability / low exposure, unreliable"
"IRRIGATION AND DEBRIDEMENT, HIP, WITH REMOVAL OR INSERTION OF HIP SPACER",34,76.5%,295,"Review variability / low exposure, unreliable"
"LAPAROSCOPY, DIAGNOSTIC, WITH EXPLORATORY LAPAROTOMY AND LIVER RESECTION",34,76.5%,202,"Prioritize review / high exposure, unreliable"
"ORIF, FRACTURE, CALCANEUS",51,76.5%,186,"Review variability / low exposure, unreliable"
"AMPUTATION, ABOVE KNEE",59,76.3%,181,"Prioritize review / high exposure, unreliable"
"LAMINECTOMY, THORACIC OR LUMBAR, POSTERIOR APPROACH",76,76.3%,258,"Prioritize review / high exposure, unreliable"
"PROCTOCOLECTOMY, TOTAL, LAPAROSCOPIC, ROBOT-ASSISTED",67,76.1%,405,"Prioritize review / high exposure, unreliable"
WHIPPLE PROCEDURE,67,76.1%,559,"Prioritize review / high exposure, unreliable"
"CLOSED REDUCTION, FRACTURE, PELVIS",96,76.0%,160,"Prioritize review / high exposure, unreliable"
"CRANIOTOMY, FOR ANEURYSM OR AVM CLIPPING, WITH IMAGING GUIDANCE",58,75.9%,385,"Prioritize review / high exposure, unreliable"
"REPAIR, HERNIA, VENTRAL",54,75.9%,231,"Prioritize review / high exposure, unreliable"
"ORIF, FRACTURE, ACETABULUM",155,75.5%,300,"Prioritize review / high exposure, unreliable"
"CLOSURE, COLOSTOMY, LAPAROSCOPIC",114,75.4%,245,"Prioritize review / high exposure, unreliable"
"LAPAROTOMY, EXPLORATORY",903,75.4%,188,"Prioritize review / high exposure, unreliable"
"ANGIOGRAM, WITH ANGIOPLASTY",141,75.2%,202,"Prioritize review / high exposure, unreliable"
"RESECTION, RECTUM, LOW ANTERIOR, ROBOT-ASSISTED",114,74.6%,342,"Prioritize review / high exposure, unreliable"
"THYROIDECTOMY, TOTAL",298,74.5%,223,"Prioritize review / high exposure, unreliable"
"REPLACEMENT, AORTIC VALVE",82,74.4%,401,"Prioritize review / high exposure, unreliable"
"ANGIOGRAM, LOWER EXTREMITY, WITH ANGIOPLASTY",315,74.3%,188,"Prioritize review / high exposure, unreliable"
"HYSTERECTOMY, TOTAL, ABDOMINAL, WITH BILATERAL SALPINGO-OOPHORECTOMY",35,74.3%,222,"Review variability / low exposure, unreliable"
"SINUS SURGERY, ENDOSCOPIC",35,74.3%,192,"Review variability / low exposure, unreliable"
THORACOTOMY,35,74.3%,236,"Review variability / low exposure, unreliable"
"CRANIOTOMY, TRANSSPHENOIDAL APPROACH",31,74.2%,242,"Review variability / low exposure, unreliable"
MEDIAN STERNOTOMY,31,74.2%,352,"Review variability / low exposure, unreliable"
"NEPHRECTOMY, LAPAROSCOPIC",81,74.1%,272,"Prioritize review / high exposure, unreliable"
"VATS, WITH THORACOTOMY IF INDICATED",162,74.1%,206,"Prioritize review / high exposure, unreliable"
"RECONSTRUCTION, URETHRA",95,73.7%,300,"Prioritize review / high exposure, unreliable"
"REMOVAL, HARDWARE, LOWER EXTREMITY",133,73.7%,139,"Prioritize review / high exposure, unreliable"
"ORIF, FRACTURE, HUMERUS",208,73.6%,260,"Prioritize review / high exposure, unreliable"
"REMOVAL, HARDWARE, HIP",30,73.3%,159,"Review variability / low exposure, unreliable"
"REMOVAL, IMPLANT",77,72.7%,152,"Prioritize review / high exposure, unreliable"
"RESECTION, SMALL INTESTINE, LAPAROSCOPIC",44,72.7%,233,"Review variability / low exposure, unreliable"
"DEBRIDEMENT, WITH SPLIT-THICKNESS SKIN GRAFT APPLICATION",704,72.6%,162,"Prioritize review / high exposure, unreliable"
"HYSTERECTOMY, TOTAL, ABDOMINAL",146,72.6%,249,"Prioritize review / high exposure, unreliable"
"NEPHRECTOMY, RADICAL, LAPAROSCOPIC",84,72.6%,252,"Prioritize review / high exposure, unreliable"
"REPAIR, HERNIA, INCISIONAL",73,72.6%,266,"Prioritize review / high exposure, unreliable"
"ORIF, FRACTURE, FOOT",47,72.3%,151,"Review variability / low exposure, unreliable"
"FUSION, SPINE, LUMBAR AND LUMBOSACRAL, ANTERIOR APPROACH",54,72.2%,381,"Prioritize review / high exposure, unreliable"
"REPLACEMENT, MITRAL VALVE",50,72.0%,406,"Review variability / low exposure, unreliable"
"CYSTOPROSTATECTOMY, WITH ILEAL CONDUIT CREATION",57,71.9%,436,"Prioritize review / high exposure, unreliable"
"RESECTION, RECTUM, LOW ANTERIOR",32,71.9%,350,"Review variability / low exposure, unreliable"
"FUSION, SPINE, CERVICAL, ANTERIOR APPROACH",35,71.4%,267,"Review variability / low exposure, unreliable"
"FUSION, SPINE, XLIF, ANTERIOR RETROPERITONEAL APPROACH",56,71.4%,239,"Prioritize review / high exposure, unreliable"
"ORIF, FRACTURE, FEMUR",546,71.2%,207,"Prioritize review / high exposure, unreliable"
"IRRIGATION AND DEBRIDEMENT, UPPER EXTREMITY",181,70.7%,139,"Prioritize review / high exposure, unreliable"
THROMBECTOMY,58,70.7%,197,"Prioritize review / high exposure, unreliable"
ABDOMINOPLASTY,126,70.6%,352,"Prioritize review / high exposure, unreliable"
"NEPHRECTOMY, PARTIAL, ROBOT-ASSISTED, LAPAROSCOPIC",68,70.6%,330,"Prioritize review / high exposure, unreliable"
"ORIF, FRACTURE, RADIUS OR ULNA",68,70.6%,227,"Prioritize review / high exposure, unreliable"
"DISSECTION, NECK, MODIFIED RADICAL",95,70.5%,193,"Prioritize review / high exposure, unreliable"
"HYSTERECTOMY, ABDOMINAL, LAPAROSCOPIC",149,70.5%,283,"Prioritize review / high exposure, unreliable"
"LAPAROTOMY, EXPLORATORY, EMERGENT FOR ABDOMINAL TRAUMA",263,70.3%,184,"Prioritize review / high exposure, unreliable"
"REPAIR, AORTA, THORACIC, DESCENDING, ENDOVASCULAR",37,70.3%,229,"Prioritize review / high exposure, unreliable"
"REVISION, GASTRIC BYPASS, LAPAROSCOPIC",37,70.3%,200,"Review variability / low exposure, unreliable"
"EMBOLIZATION, BLOOD VESSEL, USING COIL",133,69.9%,229,"Prioritize review / high exposure, unreliable"
"ORIF, FRACTURE, TIBIA OR FIBULA",83,69.9%,221,"Prioritize review / high exposure, unreliable"
"LAMINECTOMY, SPINE, WITH NEOPLASM EXCISION",43,69.8%,307,"Prioritize review / high exposure, unreliable"
"DA VINCI XI- PROSTATECTOMY, SIMPLE, ROBOT-ASSISTED",33,69.7%,308,"Review variability / low exposure, unreliable"
"FUSION, SPINE, LUMBAR, INTERBODY",33,69.7%,359,"Review variability / low exposure, unreliable"
"DECOMPRESSION, SPINE, CERVICAL, POSTERIOR APPROACH",46,69.6%,271,"Prioritize review / high exposure, unreliable"
"EXPLORATION, WOUND",95,69.5%,126,"Prioritize review / high exposure, unreliable"
"FUSION, SPINE, LUMBAR AND LUMBOSACRAL, USING POSTERIOR TECHNIQUE",351,69.2%,287,"Prioritize review / high exposure, unreliable"
"FUSION, SPINE, THORACIC",65,69.2%,308,"Prioritize review / high exposure, unreliable"
"ORIF, FRACTURE, TIBIA",337,69.1%,214,"Prioritize review / high exposure, unreliable"
IR ANGIO PELVIS,42,69.0%,177,"Review variability / low exposure, unreliable"
"LAPAROTOMY, EXPLORATORY, WITH SALPINGO-OOPHORECTOMY",45,68.9%,206,"Review variability / low exposure, unreliable"
"RECONSTRUCTION, PENIS",61,68.9%,161,"Review variability / low exposure, unreliable"
"EXCISION, MASS, HIP",35,68.6%,173,"Review variability / low exposure, unreliable"
"NEPHROLITHOTOMY, PERCUTANEOUS, OR PERCUTANEOUS NEPHROLITHOTRIPSY",105,68.6%,206,"Prioritize review / high exposure, unreliable"
"PLACEMENT, GRAFT, ARTERIOVENOUS",51,68.6%,244,"Review variability / low exposure, unreliable"
"THROMBECTOMY, GRAFT",35,68.6%,202,"Review variability / low exposure, unreliable"
"INTRAMEDULLARY RODDING, FEMUR",41,68.3%,231,"Review variability / low exposure, unreliable"
"LUMPECTOMY, BREAST",41,68.3%,164,"Review variability / low exposure, unreliable"
"ORIF, FRACTURE, MANDIBLE, WITH MAXILLOMANDIBULAR FIXATION",60,68.3%,231,"Prioritize review / high exposure, unreliable"
CESAREAN SECTION,44,68.2%,153,"Prioritize review / high exposure, unreliable"
"ORIF, FRACTURE, RADIUS, DISTAL",66,68.2%,172,"Prioritize review / high exposure, unreliable"
"TRANSPLANT, NEPHRECTOMY, LIVING DONOR, LAPAROSCOPIC",66,68.2%,264,"Review variability / low exposure, unreliable"
ANGIOGRAM,91,68.1%,159,"Prioritize review / high exposure, unreliable"
CABG (CORONARY ARTERY BYPASS GRAFT),416,68.0%,415,"Prioritize review / high exposure, unreliable"
"ORIF, FRACTURE, METACARPAL BONE",34,67.6%,150,"Review variability / low exposure, unreliable"
"ORIF, HAND",34,67.6%,137,"Review variability / low exposure, unreliable"
"ORIF, ELBOW",55,67.3%,227,"Prioritize review / high exposure, unreliable"
"FUSION, SPINE, CERVICAL, POSTERIOR APPROACH",190,66.8%,299,"Prioritize review / high exposure, unreliable"
"ANGIOGRAM, VISCERAL",39,66.7%,203,"Review variability / low exposure, unreliable"
"HYSTERECTOMY, VAGINAL, LAPAROSCOPY-ASSISTED",30,66.7%,281,"Review variability / low exposure, unreliable"
"MYOMECTOMY, UTERUS, ROBOT-ASSISTED, LAPAROSCOPIC",36,66.7%,375,"Review variability / low exposure, unreliable"
"REPAIR, AORTA, THORACIC, ENDOVASCULAR",39,66.7%,214,"Review variability / low exposure, unreliable"
THYROIDECTOMY,39,66.7%,214,"Review variability / low exposure, unreliable"
"ORIF, ANKLE",398,66.3%,190,"Prioritize review / high exposure, unreliable"
"ENDOSCOPY, NASAL",62,66.1%,165,"Review variability / low exposure, unreliable"
"RADICAL RESECTION, TONSIL/TONSILLAR PILLARS AND/OR RETROMOLAR TRIGONE",62,66.1%,288,"Prioritize review / high exposure, unreliable"
"LAPAROSCOPY, DIAGNOSTIC, WITH EXPLORATORY LAPAROTOMY IF INDICATED",308,65.9%,155,"Prioritize review / high exposure, unreliable"
"FIXATION, RIB, USING PLATE",99,65.7%,297,"Prioritize review / high exposure, unreliable"
"LAPAROSCOPY, DIAGNOSTIC",996,65.6%,147,"Prioritize review / high exposure, unreliable"
"REPAIR, HERNIA, VENTRAL, LAPAROSCOPIC",128,65.6%,173,"Prioritize review / high exposure, unreliable"
"COLECTOMY, SIGMOID, LAPAROSCOPY-ASSISTED",171,65.5%,269,"Prioritize review / high exposure, unreliable"
"EXCISION, NEOPLASM, PITUITARY, TRANSSPHENOIDAL APPROACH",58,65.5%,307,"Review variability / low exposure, unreliable"
FISTULOGRAM,58,65.5%,126,"Review variability / low exposure, unreliable"
"IRRIGATION AND DEBRIDEMENT, HAND",182,65.4%,124,"Prioritize review / high exposure, unreliable"
"REMOVAL, HARDWARE, ANKLE",49,65.3%,127,"Review variability / low exposure, unreliable"
IR EMBO NON-CNS,155,65.2%,187,"Prioritize review / high exposure, unreliable"
"ANGIOGRAM, VESSEL, CEREBRAL, WITH EMBOLIZATION",152,65.1%,155,"Prioritize review / high exposure, unreliable"
"EXCISION, MASS, NECK",40,65.0%,138,"Review variability / low exposure, unreliable"
"EXCISION, NEOPLASM, PITUITARY, CRANIOTOMY OR TRANSSPHENOIDAL APPROACH",45,64.4%,307,"Prioritize review / high exposure, unreliable"
"RESECTION, RECTUM, LOW ANTERIOR, LAPAROSCOPIC",45,64.4%,326,"Prioritize review / high exposure, unreliable"
"LIGATION, AV FISTULA",70,64.3%,178,"Prioritize review / high exposure, unreliable"
"REPAIR, STENOSIS, NOSE, VESTIBULE",270,64.1%,373,"Prioritize review / high exposure, unreliable"
"EXCISION, PAROTID GLAND",139,64.0%,196,"Prioritize review / high exposure, unreliable"
"EXPLORATION, LOWER EXTREMITY",50,64.0%,151,"Prioritize review / high exposure, unreliable"
"HERNIORRHAPHY, ROBOT-ASSISTED, LAPAROSCOPIC, USING DA VINCI SI",36,63.9%,188,"Review variability / low exposure, unreliable"
"CLOSURE, FLAP",69,63.8%,165,"Prioritize review / high exposure, unreliable"
"RECONSTRUCTION, BREAST, WITH LATISSIMUS DORSI MYOCUTANEOUS FLAP",102,63.7%,446,"Prioritize review / high exposure, unreliable"
"CRYOABLATION, MASS, KIDNEY",33,63.6%,187,"Review variability / low exposure, unreliable"
"INSERTION, INTRAMEDULLARY NAIL, TIBIA",52,63.5%,245,"Prioritize review / high exposure, unreliable"
VIDEO-ASSISTED THORACOSCOPIC SURGERY (VATS),161,63.4%,189,"Prioritize review / high exposure, unreliable"
"CONVERSION, PREVIOUS HIP SURGERY TO TOTAL HIP REPLACEMENT",49,63.3%,311,"Review variability / low exposure, unreliable"
"ORIF, WRIST",73,63.0%,165,"Prioritize review / high exposure, unreliable"
"SACROCOLPOPEXY, ROBOT-ASSISTED",100,63.0%,384,"Prioritize review / high exposure, unreliable"
"CREATION, AV FISTULA, USING VEIN TRANSPOSITION TECHNIQUE",116,62.9%,227,"Prioritize review / high exposure, unreliable"
"DECOMPRESSION, SPINE, LUMBAR, POSTERIOR APPROACH, WITH POSTERIOR COLUMN FUSION",35,62.9%,345,"Review variability / low exposure, unreliable"
"EXCISION, LESION",35,62.9%,137,"Review variability / low exposure, unreliable"
"EXCISION, LESION, SKIN",89,62.9%,139,"Prioritize review / high exposure, unreliable"
"CYSTOSCOPY, + URETEROSCOPY, RETROGRADE PYELOGRAM, HOLMIUM LASER LITHOTRIPSY, + PERCUTANEOUS NEPHROLITHOTOMY",341,62.8%,204,"Prioritize review / high exposure, unreliable"
"MASTOPEXY, BILATERAL",51,62.7%,361,"Review variability / low exposure, unreliable"
"TRANSPLANT RECIPIENT, KIDNEY, FROM LIVING DONOR",67,62.7%,307,"Review variability / low exposure, unreliable"
MYOMECTOMY,32,62.5%,134,"Review variability / low exposure, unreliable"
"NEPHRECTOMY, PARTIAL, LAPAROSCOPIC",40,62.5%,222,"Review variability / low exposure, unreliable"
"ORIF, FRACTURE, RADIUS",208,62.5%,182,"Prioritize review / high exposure, unreliable"
"RECONSTRUCTION, BREAST, UNILATERAL",34,61.8%,349,"Review variability / low exposure, unreliable"
BRONCHOSCOPY,88,61.4%,105,"Prioritize review / high exposure, unreliable"
"COLECTOMY, LEFT, LAPAROSCOPY-ASSISTED",57,61.4%,259,"Review variability / low exposure, unreliable"
"HYSTERECTOMY, VAGINAL, ROBOT-ASSISTED, LAPAROSCOPY-ASSISTED",57,61.4%,236,"Review variability / low exposure, unreliable"
"DISCECTOMY, CERVICAL, ANTERIOR, NEURO",31,61.3%,231,"Review variability / low exposure, unreliable"
"HYSTERECTOMY, TOTAL, VAGINAL",62,61.3%,260,"Review variability / low exposure, unreliable"
IR EMBO TARE,31,61.3%,165,"Review variability / low exposure, unreliable"
IR INSERT BILIARY TUBE,31,61.3%,142,"Review variability / low exposure, unreliable"
"LARYNGOSCOPY, DIRECT",31,61.3%,129,"Review variability / low exposure, unreliable"
"EXCISION, SCAR",36,61.1%,144,"Review variability / low exposure, unreliable"
"EXCISION, PITUITARY, TRANSSPHENOIDAL APPROACH",105,61.0%,294,"Prioritize review / high exposure, unreliable"
"REPAIR, GLOBE, RUPTURED",143,60.8%,141,"Prioritize review / high exposure, unreliable"
"REPAIR, RETINAL DETACHMENT",182,60.4%,169,"Prioritize review / high exposure, unreliable"
"VENOGRAM, WITH THROMBOLYSIS IF INDICATED",48,60.4%,151,"Review variability / low exposure, unreliable"
"HEMICOLECTOMY, RIGHT, LAPAROSCOPIC",60,60.0%,234,"Review variability / low exposure, unreliable"
"IRRIGATION AND DEBRIDEMENT, KNEE",82,59.8%,126,"Prioritize review / high exposure, unreliable"
"AMPUTATION, BELOW KNEE",231,59.7%,151,"Prioritize review / high exposure, unreliable"
IR EMBO TACE CHEMO,96,59.4%,227,"Prioritize review / high exposure, unreliable"
"ORIF, FRACTURE, ULNA, OLECRANON PROCESS",61,59.0%,213,"Review variability / low exposure, unreliable"
"CYSTOSCOPY, WITH RETROGRADE PYELOGRAM, URETEROSCOPY, URINARY CALCULUS LASER LITHOTRIPSY, + STENT INSERT",524,58.8%,117,"Prioritize review / high exposure, unreliable"
"DECOMPRESSION, SPINE, LUMBAR",238,58.8%,200,"Prioritize review / high exposure, unreliable"
"EXCISION, CYST, OVARY, LAPAROSCOPIC",80,58.8%,155,"Prioritize review / high exposure, unreliable"
"RECTOPEXY, ROBOT-ASSISTED, LAPAROSCOPIC",68,58.8%,263,"Review variability / low exposure, unreliable"
"IMPLANTATION, DEEP BRAIN STIMULATOR, LEAD ONLY",65,58.5%,404,"Review variability / low exposure, unreliable"
"CREATION, AV FISTULA",434,58.3%,174,"Review exposure / high exposure, reliable"
"CREATION, GASTRIC BYPASS, LAPAROSCOPIC, WITH ROUX-EN-Y GASTROENTEROSTOMY",50,58.0%,220,"Monitor / low exposure, reliable"
"ALLOGRAFT, SKIN",202,57.9%,134,"Review exposure / high exposure, reliable"
CYSTECTOMY,38,57.9%,502,"Monitor / low exposure, reliable"
"EXPLORATION, PENIS",38,57.9%,151,"Monitor / low exposure, reliable"
IR ANGIO ABDOMINAL,66,57.6%,158,"Monitor / low exposure, reliable"
"ILEOCOLECTOMY, LAPAROSCOPIC ASSISTED",68,57.4%,214,"Monitor / low exposure, reliable"
"CRANIECTOMY OR CRANIOTOMY, EMERGENT",181,56.9%,169,"Review exposure / high exposure, reliable"
CRANIOPLASTY,65,56.9%,196,"Review exposure / high exposure, reliable"
COLECTOMY,37,56.8%,258,"Monitor / low exposure, reliable"
CRANIECTOMY,374,56.7%,282,"Review exposure / high exposure, reliable"
"LAMINECTOMY, LUMBAR",108,56.5%,203,"Review exposure / high exposure, reliable"
"CLOSURE, ILEOSTOMY",179,56.4%,171,"Review exposure / high exposure, reliable"
"REMOVAL, NEUROSTIMULATOR ELECTRODES, SACRAL",39,56.4%,105,"Monitor / low exposure, reliable"
"CRANIOTOMY OR BURR HOLE, WITH SUBDURAL HEMATOMA EVACUATION",144,56.3%,162,"Review exposure / high exposure, reliable"
"BIOPSY, BONE",89,56.2%,111,"Review exposure / high exposure, reliable"
"ORIF, HIP",68,55.9%,157,"Review exposure / high exposure, reliable"
"REPAIR, JOINT, HIP",397,55.9%,216,"Review exposure / high exposure, reliable"
"CRANIOTOMY, FOR HEMATOMA EVACUATION",88,55.7%,182,"Review exposure / high exposure, reliable"
"HYSTERECTOMY, TOTAL, ABDOMINAL, ROBOT-ASSISTED, LAPAROSCOPIC, WITH BSO",497,55.7%,244,"Review exposure / high exposure, reliable"
"REVISION, AMPUTATION SITE",79,55.7%,116,"Review exposure / high exposure, reliable"
CYSTOLITHOLAPAXY,63,55.6%,106,"Monitor / low exposure, reliable"
"ARTHROPLASTY, SHOULDER",83,55.4%,258,"Review exposure / high exposure, reliable"
"FUNDOPLICATION, LAPAROSCOPIC, NISSEN, FOR HIATAL HERNIA",47,55.3%,171,"Monitor / low exposure, reliable"
"CHOLECYSTECTOMY, LAPAROSCOPIC",1108,55.2%,154,"Review exposure / high exposure, reliable"
"ORIF, FRACTURE, CLAVICLE",58,55.2%,176,"Monitor / low exposure, reliable"
"IRRIGATION AND DEBRIDEMENT, EXTREMITY",403,55.1%,120,"Review exposure / high exposure, reliable"
"HYSTERECTOMY, VAGINAL, WITH SALPINGO-OOPHORECTOMY",82,54.9%,290,"Review exposure / high exposure, reliable"
"EMBOLECTOMY, ARTERY",44,54.5%,132,"Monitor / low exposure, reliable"
"REPAIR, TENDON, HAND",33,54.5%,167,"Monitor / low exposure, reliable"
"TRANSPLANT RECIPIENT, KIDNEY, FROM DECEASED DONOR",391,54.5%,297,"Review exposure / high exposure, reliable"
"IRRIGATION AND DEBRIDEMENT, LOWER EXTREMITY",586,54.1%,117,"Review exposure / high exposure, reliable"
"EXPLORATION, CHEST",76,53.9%,163,"Review exposure / high exposure, reliable"
"CLOSURE, WOUND",41,53.7%,128,"Monitor / low exposure, reliable"
"EXTERNAL FIXATION, TIBIA",54,53.7%,126,"Monitor / low exposure, reliable"
"COLECTOMY, RIGHT, PARTIAL, LAPAROSCOPIC, WITH TERMINAL ILEUM REMOVAL AND ILEOCOLOSTOMY",71,53.5%,233,"Review exposure / high exposure, reliable"
"CREATION, COLOSTOMY, DIVERTING",30,53.3%,152,"Monitor / low exposure, reliable"
"WEDGE RESECTION, LOBE, LUNG, USING VIDEO-ASSISTED THORACOSCOPIC SURGERY",62,53.2%,158,"Review exposure / high exposure, reliable"
"BRONCHOSCOPY, RIGID",298,53.0%,111,"Review exposure / high exposure, reliable"
"ENDARTERECTOMY, CAROTID",66,53.0%,315,"Monitor / low exposure, reliable"
"CRANIOTOMY, FOR SUBDURAL HEMATOMA EVACUATION",85,52.9%,160,"Monitor / low exposure, reliable"
"REPAIR, HERNIA, UMBILICAL",97,52.6%,111,"Review exposure / high exposure, reliable"
"VITRECTOMY, PARS PLANA APPROACH",78,52.6%,141,"Monitor / low exposure, reliable"
"BIOPSY, BRAIN, WITH IMAGING GUIDANCE",40,52.5%,171,"Monitor / low exposure, reliable"
"CHOLECYSTECTOMY, LAPAROSCOPIC, WITH CHOLANGIOGRAM",200,52.5%,156,"Review exposure / high exposure, reliable"
DA VINCI XI- REPAIR INGUINAL HERNIA,40,52.5%,195,"Monitor / low exposure, reliable"
"ORIF, FINGER",40,52.5%,138,"Monitor / low exposure, reliable"
"EXPLORATION, NECK",149,52.3%,148,"Review exposure / high exposure, reliable"
"ESOPHAGOMYOTOMY, LAPAROSCOPIC, HELLER",33,51.5%,208,"Monitor / low exposure, reliable"
"AV FISTULOGRAM, WITH ANGIOPLASTY IF INDICATED",521,51.4%,120,"Review exposure / high exposure, reliable"
"SINUS SURGERY, ENDOSCOPIC, WITH IMAGING GUIDANCE",35,51.4%,148,"Monitor / low exposure, reliable"
"KERATOPLASTY, PENETRATING",43,51.2%,161,"Monitor / low exposure, reliable"
"COLPORRHAPHY, ANTEROPOSTERIOR, WITH SUSPENSION OF VAGINAL VAULT AND CYSTOSCOPY",47,51.1%,205,"Monitor / low exposure, reliable"
"DECOMPRESSION, SPINE, CERVICAL, ANTERIOR APPROACH",104,51.0%,222,"Review exposure / high exposure, reliable"
"ARTHROPLASTY, KNEE",660,50.9%,211,"Review exposure / high exposure, reliable"
"DEBRIDEMENT, WOUND",440,50.5%,111,"Review exposure / high exposure, reliable"
"DA VINCI XI- PROSTATECTOMY, RADICAL, ROBOT-ASSISTED",441,50.3%,305,"Review exposure / high exposure, reliable"
TRANSURETHRAL RESECTION OF PROSTATE (TURP),213,50.2%,137,"Review exposure / high exposure, reliable"
"GASTROSTOMY, LAPAROSCOPIC",30,50.0%,119,"Monitor / low exposure, reliable"
"IRRIGATION AND DEBRIDEMENT, WOUND",220,50.0%,109,"Review exposure / high exposure, reliable"
SKIN GRAFTING; NON-BURN,40,50.0%,130,"Monitor / low exposure, reliable"
"THROMBECTOMY, AV GRAFT, UPPER EXTREMITY",32,50.0%,162,"Monitor / low exposure, reliable"
"EXAM UNDER ANESTHESIA, GYNECOLOGIC",181,49.7%,92,"Review exposure / high exposure, reliable"
"REPAIR, HERNIA, HIATAL, LAPAROSCOPIC",382,49.7%,163,"Review exposure / high exposure, reliable"
"REMOVAL, ORTHOPEDIC HARDWARE, UPPER EXTREMITY",111,49.5%,107,"Review exposure / high exposure, reliable"
COLPOCLEISIS,57,49.1%,179,"Monitor / low exposure, reliable"
"DA VINCI SI- PROSTATECTOMY, RADICAL, ROBOT-ASSISTED",55,49.1%,309,"Monitor / low exposure, reliable"
"RESECTION, NEOPLASM, BLADDER, CYSTOSCOPIC, TRANSURETHRAL",278,48.9%,107,"Review exposure / high exposure, reliable"
"SALPINGO-OOPHORECTOMY, LAPAROSCOPIC",77,48.1%,138,"Review exposure / high exposure, reliable"
"LAMINOPLASTY, SPINE, CERVICAL, POSTERIOR APPROACH",46,47.8%,252,"Monitor / low exposure, reliable"
"AMPUTATION, FINGER",55,47.3%,113,"Monitor / low exposure, reliable"
"LOBECTOMY, THYROID",106,47.2%,177,"Review exposure / high exposure, reliable"
"REVISION, SHUNT, VENTRICULOPERITONEAL",53,47.2%,156,"Monitor / low exposure, reliable"
"EXCISION, MASS, UPPER EXTREMITY",32,46.9%,99,"Monitor / low exposure, reliable"
"REMOVAL, HARDWARE, SPINE",30,46.7%,167,"Monitor / low exposure, reliable"
"INSERTION, VAGUS NERVE STIMULATOR",69,46.4%,107,"Monitor / low exposure, reliable"
PARATHYROIDECTOMY,218,45.9%,169,"Review exposure / high exposure, reliable"
CYSTOSCOPY,125,45.6%,80,"Review exposure / high exposure, reliable"
"DISCECTOMY, SPINE, CERVICAL, ANTERIOR APPROACH, WITH SPINAL FUSION USING INSTRUMENTATION IF INDICATED",55,45.5%,243,"Monitor / low exposure, reliable"
"HERNIORRHAPHY, INGUINAL, LAPAROSCOPIC",137,45.3%,155,"Review exposure / high exposure, reliable"
EXAM UNDER ANESTHESIA,140,45.0%,85,"Review exposure / high exposure, reliable"
"BRONCHOSCOPY, W ELECTROMAG NAV, ENDOBRONCH US, BIOPSY + FIDUCIAL MARKER PLACE",58,44.8%,134,"Monitor / low exposure, reliable"
"INSERTION, SHUNT, LUMBOPERITONEAL",38,44.7%,160,"Monitor / low exposure, reliable"
"IRRIGATION, WOUND, ABDOMEN",181,44.2%,108,"Review exposure / high exposure, reliable"
"HEMIARTHROPLASTY, HIP",127,44.1%,205,"Review exposure / high exposure, reliable"
"CREATION, COLOSTOMY OR ILEOSTOMY, LAPAROSCOPIC",114,43.9%,145,"Review exposure / high exposure, reliable"
"INSERTION, REMOVAL, OR REVISION, PROSTHESIS, PENILE",69,43.5%,140,"Monitor / low exposure, reliable"
"IRRIGATION AND DEBRIDEMENT, ABSCESS",53,43.4%,97,"Monitor / low exposure, reliable"
"LAMINECTOMY, SPINE, WITH MICRODISCECTOMY",63,42.9%,160,"Monitor / low exposure, reliable"
VITRECTOMY,47,42.6%,122,"Monitor / low exposure, reliable"
"APPLICATION, EXTERNAL FIXATION DEVICE, LOWER EXTREMITY",40,42.5%,109,"Monitor / low exposure, reliable"
"ORCHIECTOMY, RADICAL",33,42.4%,111,"Monitor / low exposure, reliable"
"REMOVAL, INFERIOR VENA CAVAL FILTER",64,42.2%,106,"Monitor / low exposure, reliable"
"CHOLECYSTECTOMY, ROBOT-ASSISTED, LAPAROSCOPIC",50,42.0%,154,"Monitor / low exposure, reliable"
"IRRIGATION AND DEBRIDEMENT, SPINE",50,42.0%,130,"Monitor / low exposure, reliable"
"AMPUTATION, RAY",31,41.9%,92,"Monitor / low exposure, reliable"
"EXTERNAL FIXATION, ANKLE",62,41.9%,106,"Monitor / low exposure, reliable"
"REPAIR, LACRIMAL CANALICULUS",36,41.7%,111,"Monitor / low exposure, reliable"
"HERNIORRHAPHY, INGUINAL",260,41.5%,143,"Review exposure / high exposure, reliable"
"JEJUNOSTOMY, LAPAROSCOPIC",54,40.7%,122,"Monitor / low exposure, reliable"
"IRRIGATION AND DEBRIDEMENT, FOOT",62,40.3%,97,"Monitor / low exposure, reliable"
"EGD, WITH BIOPSY",410,39.8%,67,"Review exposure / high exposure, reliable"
"LAPAROSCOPIC REPAIR, PARAESOPHAGEAL HERNIA",152,39.5%,162,"Review exposure / high exposure, reliable"
"RADIOFREQUENCY ABLATION, VARICOSE VEIN",87,39.1%,127,"Monitor / low exposure, reliable"
"GASTRECTOMY, SLEEVE, LAPAROSCOPIC",216,38.9%,134,"Review exposure / high exposure, reliable"
"AMPUTATION, FOOT, TRANSMETATARSAL",49,38.8%,122,"Monitor / low exposure, reliable"
GI EGD EUS FNA,197,38.6%,80,"Review exposure / high exposure, reliable"
"IMPLANTATION, NEUROSTIMULATOR, SPINAL CORD",44,38.6%,168,"Monitor / low exposure, reliable"
IR NEPHROSTOMY TUBE,127,38.6%,88,"Review exposure / high exposure, reliable"
TRACHEOSTOMY,220,38.6%,116,"Review exposure / high exposure, reliable"
IR ANGIO CEREBRAL DIAGNOSTIC,151,38.4%,94,"Review exposure / high exposure, reliable"
"PLACEMENT, SHUNT, VENTRICULOPERITONEAL",94,38.3%,175,"Monitor / low exposure, reliable"
ORBITOTOMY,45,37.8%,95,"Monitor / low exposure, reliable"
GI ENDOSCOPIC ULTRASOUND GUIDED FINE NEEDLE ASPIRATION,61,37.7%,91,"Monitor / low exposure, reliable"
"INSERTION, TUNNELED CUFFED HEMODIALYSIS CATHETER OR TUNNELED CENTRAL VENOUS CATHETER WITH PORT",69,37.7%,101,"Monitor / low exposure, reliable"
"LARYNGOSCOPY, DIRECT, WITH BIOPSY",202,37.1%,101,"Review exposure / high exposure, reliable"
"IRRIGATION AND DEBRIDEMENT, WOUND, RELATED TO IMPAIRED POSTOPERATIVE HEALING",38,36.8%,92,"Monitor / low exposure, reliable"
"APPLICATION, GRAFT, SKIN, SPLIT-THICKNESS",44,36.4%,123,"Monitor / low exposure, reliable"
"ORIF, FRACTURE, PATELLA",55,36.4%,167,"Monitor / low exposure, reliable"
"CATHETERIZATION, HEART, LEFT, WITH INTERVENTION IF INDICATED",368,36.1%,88,"Review exposure / high exposure, reliable"
"REMOVAL, CATHETER, DIALYSIS, PERITONEAL",53,35.8%,87,"Monitor / low exposure, reliable"
"INSERTION, IMPLANTABLE PULSE GENERATOR AND ELECTRODES OF SACRAL NERVE STIMULATOR",90,35.6%,111,"Monitor / low exposure, reliable"
"ANGIOGRAM, CEREBRAL",141,35.5%,95,"Review exposure / high exposure, reliable"
"LOBECTOMY, BRAIN, TEMPORAL",48,35.4%,228,"Monitor / low exposure, reliable"
"BRONCHOSCOPY, WITH EBUS AND BIOPSY",342,35.1%,119,"Review exposure / high exposure, reliable"
"INSERTION, CATHETER, FOR PERITONEAL DIALYSIS",123,35.0%,128,"Review exposure / high exposure, reliable"
"INCISION AND DRAINAGE, HEAD AND NECK",43,34.9%,101,"Monitor / low exposure, reliable"
"CRANIOTOMY, WITH MICROVASCULAR DECOMPRESSION",32,34.4%,327,"Monitor / low exposure, reliable"
EGD (ESOPHAGOGASTRODUODENOSCOPY),434,32.9%,67,"Review exposure / high exposure, reliable"
"INSERTION, CATHETER, RIGHT HEART",34,32.4%,93,"Monitor / low exposure, reliable"
"EXPLORATION, SCROTUM",53,32.1%,105,"Monitor / low exposure, reliable"
"CRYOTHERAPY, PROSTATE",79,31.6%,174,"Monitor / low exposure, reliable"
"INSERTION, PERIPHERAL NERVE STIMULATOR GENERATOR",61,31.1%,72,"Monitor / low exposure, reliable"
"LAPAROSCOPY, DIAGNOSTIC, WITH ECTOPIC PREGNANCY EXCISION, WITH LAPAROTOMY IF INDICATED",36,30.6%,113,"Monitor / low exposure, reliable"
"EXCISION, LYMPH NODE, CERVICAL",30,30.0%,102,"Monitor / low exposure, reliable"
"PLACEMENT OF STEREOELECTROENCEPHALOGRAPY (SEEG), WITH INTRAOPERATIVE CT",40,30.0%,211,"Monitor / low exposure, reliable"
IR DRAINAGE ABSCESS CYST,61,29.5%,77,"Monitor / low exposure, reliable"
HYSTEROSCOPY,51,29.4%,82,"Monitor / low exposure, reliable"
"TURBT, WITH BLUE LIGHT CYSTOSCOPY AND CYSVIEW",368,29.3%,94,"Review exposure / high exposure, reliable"
"DISCECTOMY, INTERVERTEBRAL, WITH LAMINECTOMY",49,28.6%,162,"Monitor / low exposure, reliable"
"RELEASE, CARPAL TUNNEL",81,28.4%,68,"Monitor / low exposure, reliable"
"EXCISION, VARICOCELE",72,27.8%,119,"Monitor / low exposure, reliable"
"INSERTION, GASTROSTOMY TUBE",36,27.8%,70,"Monitor / low exposure, reliable"
"URETEROSCOPY, NON-STONE",51,27.5%,95,"Monitor / low exposure, reliable"
ERCP (ENDOSCOPIC RETROGRADE CHOLANGIOPANCREATOGRAPHY),150,27.3%,92,"Review exposure / high exposure, reliable"
"ECHOCARDIOGRAM, TRANSESOPHAGEAL, INTRAOPERATIVE",59,27.1%,65,"Monitor / low exposure, reliable"
"CYSTOSCOPY, WITH SUPRAPUBIC CATHETER INSERTION",89,27.0%,68,"Review exposure / high exposure, reliable"
"INCISION AND DRAINAGE, ABSCESS, UPPER EXTREMITY",63,27.0%,82,"Monitor / low exposure, reliable"
"COLONOSCOPY, WITH BIOPSY",67,26.9%,70,"Monitor / low exposure, reliable"
"INSERTION, SHUNT, VENTRICULOPERITONEAL, LAPAROSCOPIC, USING COMPUTER-ASSISTED NAVIGATION",108,26.9%,161,"Monitor / low exposure, reliable"
"AMPUTATION, FOOT",30,26.7%,104,"Monitor / low exposure, reliable"
"COLONOSCOPY, DIAGNOSTIC",95,26.3%,67,"Monitor / low exposure, reliable"
"CYSTOURETEROSCOPY, WITH RETROGRADE PYELOGRAM AND URETERAL STENT INSERTION",123,26.0%,73,"Review exposure / high exposure, reliable"
"INCISION AND DRAINAGE, ABSCESS, PERIANAL",35,25.7%,81,"Monitor / low exposure, reliable"
"CYSTOSTOMY, SUPRAPUBIC",36,25.0%,66,"Monitor / low exposure, reliable"
"APPENDECTOMY, LAPAROSCOPIC",531,24.7%,107,"Review exposure / high exposure, reliable"
"AMPUTATION, TOE",199,24.6%,87,"Review exposure / high exposure, reliable"
"EXAM UNDER ANESTHESIA, VAGINA",53,24.5%,76,"Monitor / low exposure, reliable"
"REMOVAL, GASTRIC BAND, LAPAROSCOPIC",41,24.4%,109,"Monitor / low exposure, reliable"
"BIOPSY, LYMPH NODE",33,24.2%,85,"Monitor / low exposure, reliable"
"INSERTION, INTERNAL PULSE GENERATOR, FOR DEEP BRAIN STIMULATION",100,24.0%,117,"Monitor / low exposure, reliable"
CIRCUMCISION,44,22.7%,91,"Monitor / low exposure, reliable"
"REMOVAL, DEPTH ELECTRODE LEADS, INTRACRANIAL",44,22.7%,47,"Monitor / low exposure, reliable"
"BIOPSY, LIVER",45,22.2%,68,"Monitor / low exposure, reliable"
"ASPIRATION, BONE MARROW",41,22.0%,84,"Monitor / low exposure, reliable"
"PLACEMENT, FILTER, INFERIOR VENA CAVA",59,22.0%,93,"Monitor / low exposure, reliable"
"SIGMOIDOSCOPY, FLEXIBLE",35,20.0%,69,"Monitor / low exposure, reliable"
"CYSTOSCOPY, WITH RETROGRADE PYELOGRAM AND URETERAL STENT INSERTION",286,19.9%,70,"Review exposure / high exposure, reliable"
"EXTRACTION, CATARACT, WITH IOL AND GLAUCOMA IMPLANT INSERTION",86,19.8%,111,"Monitor / low exposure, reliable"
GI ENDOSCOPIC ULTRASOUND UPPER,111,19.8%,75,"Monitor / low exposure, reliable"
"EGD, WITH STENT INSERTION",51,19.6%,80,"Monitor / low exposure, reliable"
"REMOVAL, CATHETER, CENTRAL VENOUS, TUNNELED, WITH PORT",46,19.6%,58,"Monitor / low exposure, reliable"
"INSERTION, DRAIN",196,19.4%,69,"Review exposure / high exposure, reliable"
IR CHNG NEPHROSTOMY TUBE,36,19.4%,60,"Monitor / low exposure, reliable"
IR PLCMT IVC FILTER,93,19.4%,77,"Monitor / low exposure, reliable"
"REPLACEMENT, NEUROSTIMULATOR PULSE GENERATOR",31,19.4%,68,"Monitor / low exposure, reliable"
"SALPINGECTOMY, LAPAROSCOPIC",68,19.1%,110,"Monitor / low exposure, reliable"
"CYSTOSCOPY, WITH URETERAL STENT INSERTION",58,19.0%,66,"Monitor / low exposure, reliable"
"LARYNGOSCOPY, DIRECT, WITH ESOPHAGOSCOPY AND BIOPSY",37,18.9%,93,"Monitor / low exposure, reliable"
"EXAM UNDER ANESTHESIA, ANORECTAL",558,18.8%,64,"Review exposure / high exposure, reliable"
IR TUBE CHECK,32,18.8%,56,"Monitor / low exposure, reliable"
"EGD, WITH GASTROJEJUNOSTOMY TUBE INSERTION, PERCUTANEOUS",129,18.6%,67,"Monitor / low exposure, reliable"
"CYSTOSCOPY, WITH URETERAL STENT REPLACEMENT",38,18.4%,76,"Monitor / low exposure, reliable"
IR CT BIOPSY RENAL,33,18.2%,87,"Monitor / low exposure, reliable"
"REPLACEMENT, DEEP BRAIN STIMULATOR GENERATOR OR BATTERY",121,18.2%,85,"Monitor / low exposure, reliable"
"HYSTEROSCOPY, WITH DILATION AND CURETTAGE OF UTERUS",188,17.6%,76,"Review exposure / high exposure, reliable"
IR PLCMT CHEST TUBE,74,17.6%,62,"Monitor / low exposure, reliable"
"INSERTION, PENILE PROSTHESIS",199,16.6%,129,"Review exposure / high exposure, reliable"
"INSERTION, TUNNELED CENTRAL VENOUS DEVICE, WITH PORT",187,16.6%,78,"Review exposure / high exposure, reliable"
IR PLCMT GASTROSTOMY TUBE,142,16.2%,78,"Monitor / low exposure, reliable"
"GASTROSTOMY, PERCUTANEOUS, ENDOSCOPIC",210,15.2%,64,"Review exposure / high exposure, reliable"
HEMORRHOIDECTOMY,48,14.6%,88,"Monitor / low exposure, reliable"
"LOBECTOMY, THYROID, TOTAL",82,14.6%,146,"Monitor / low exposure, reliable"
"DILATION AND EVACUATION, UTERUS",880,14.0%,77,"Review exposure / high exposure, reliable"
IR PLCMT TUNNELED CATH,143,13.3%,73,"Monitor / low exposure, reliable"
IR PARACENTESIS,39,12.8%,48,"Monitor / low exposure, reliable"
"HYSTEROSCOPY, WITH BIOPSY OR POLYPECTOMY",192,12.5%,73,"Monitor / low exposure, reliable"
"LIGATION, FALLOPIAN TUBE, BILATERAL, LAPAROSCOPIC",83,12.0%,109,"Monitor / low exposure, reliable"
THORACENTESIS,92,12.0%,28,"Monitor / low exposure, reliable"
IR US BIOPSY RENAL,35,11.4%,63,"Monitor / low exposure, reliable"
DILATION AND CURETTAGE,320,11.3%,62,"Review exposure / high exposure, reliable"
"CONE BIOPSY, CERVIX",36,11.1%,76,"Monitor / low exposure, reliable"
BRACHYTHERAPY,30,10.0%,74,"Monitor / low exposure, reliable"
"MANIPULATION, JOINT",30,10.0%,42,"Monitor / low exposure, reliable"
"BRONCHOSCOPY, DIAGNOSTIC, WITH LAVAGE IF INDICATED",73,9.6%,33,"Monitor / low exposure, reliable"
IR RENAL BIOPSY,86,9.3%,62,"Monitor / low exposure, reliable"
"EXAM UNDER ANESTHESIA, RECTUM, WITH SETON PLACEMENT",45,8.9%,62,"Monitor / low exposure, reliable"
"BIOPSY, MUSCLE",106,8.5%,70,"Monitor / low exposure, reliable"
"CONE BIOPSY, CERVIX, USING LEEP",80,6.3%,70,"Monitor / low exposure, reliable"
